bug_id,test_path,success,test_length,clus_size_output_fib,num_fib_tests,is_crash,actual_crash,actual_value_match,exception_type_match,test_exception_type_match
Gson_12,Gson_12_n4.txt,True,46,3,1,True,True,False,True,False
Gson_12,Gson_12_n7.txt,True,45,3,2,True,True,False,True,False
JacksonXml_6,JacksonXml_6_n10.txt,False,91,3,3,False,True,False,False,False
Math_45,Math_45_n5.txt,False,29,1,1,True,True,False,False,False
Math_45,Math_45_n3.txt,False,50,1,1,True,True,False,False,False
Jsoup_59,Jsoup_59_n8.txt,False,35,3,2,True,False,False,False,False
Jsoup_59,Jsoup_59_n5.txt,False,35,1,1,True,False,False,False,False
Jsoup_59,Jsoup_59_n7.txt,False,35,3,1,True,False,False,False,False
Lang_37,Lang_37_n3.txt,False,33,10,8,True,True,False,True,False
Lang_37,Lang_37_n10.txt,False,70,10,2,True,True,False,True,False
Jsoup_93,Jsoup_93_n10.txt,False,45,2,1,False,False,False,False,False
Jsoup_93,Jsoup_93_n7.txt,False,46,2,2,False,False,True,False,False
Jsoup_93,Jsoup_93_n2.txt,False,50,2,1,False,False,False,False,False
Closure_156,Closure_156_n3.txt,False,12,1,1,True,True,False,False,False
Gson_18,Gson_18_n9.txt,False,74,7,5,True,True,False,False,False
Gson_18,Gson_18_n1.txt,False,74,7,2,True,True,False,False,False
Math_79,Math_79_n1.txt,True,101,4,3,True,True,False,True,False
Math_79,Math_79_n2.txt,True,101,4,1,True,True,False,True,False
Lang_39,Lang_39_n8.txt,False,55,10,10,True,True,False,False,False
Lang_6,Lang_6_n8.txt,True,21,10,10,True,True,False,True,False
Mockito_8,Mockito_8_n10.txt,True,62,10,8,True,True,False,True,False
Mockito_8,Mockito_8_n5.txt,True,59,10,2,True,True,False,True,False
Lang_14,Lang_14_n7.txt,False,151,1,1,False,False,False,False,False
Jsoup_60,Jsoup_60_n1.txt,False,48,3,1,False,True,False,False,False
Jsoup_60,Jsoup_60_n2.txt,False,46,3,1,False,True,False,False,False
Jsoup_60,Jsoup_60_n8.txt,False,53,2,1,False,False,False,False,False
Jsoup_60,Jsoup_60_n6.txt,False,48,3,1,False,True,False,False,False
Jsoup_60,Jsoup_60_n4.txt,False,45,2,1,False,False,False,False,False
Codec_7,Codec_7_n8.txt,True,24,9,9,False,False,True,False,False
Codec_7,Codec_7_n1.txt,True,109,1,1,False,False,True,False,False
Closure_128,Closure_128_n3.txt,False,19,1,1,False,False,True,False,False
JacksonCore_2,JacksonCore_2_n6.txt,False,67,1,1,True,False,False,False,False
Math_9,Math_9_n2.txt,False,105,1,1,False,False,False,False,False
Closure_27,Closure_27_n8.txt,True,82,10,7,True,True,False,False,False
Closure_27,Closure_27_n7.txt,True,82,10,1,True,True,False,False,False
Closure_27,Closure_27_n1.txt,True,82,10,1,True,True,False,False,False
Closure_27,Closure_27_n4.txt,True,82,10,1,True,True,False,False,False
JacksonDatabind_88,JacksonDatabind_88_n2.txt,False,74,2,1,False,True,False,False,False
JacksonDatabind_88,JacksonDatabind_88_n9.txt,False,118,4,1,False,True,False,False,False
JacksonDatabind_88,JacksonDatabind_88_n6.txt,False,45,4,1,False,True,False,False,False
JacksonDatabind_88,JacksonDatabind_88_n8.txt,False,45,4,1,False,True,False,False,False
JacksonDatabind_88,JacksonDatabind_88_n10.txt,False,45,4,1,False,True,False,False,False
JacksonDatabind_88,JacksonDatabind_88_n7.txt,False,34,2,1,False,True,False,False,False
Cli_9,Cli_9_n1.txt,False,27,1,1,True,False,False,False,False
Cli_9,Cli_9_n5.txt,False,27,1,1,True,False,False,False,False
JacksonDatabind_87,JacksonDatabind_87_n1.txt,False,54,5,1,False,False,False,False,False
JacksonDatabind_87,JacksonDatabind_87_n5.txt,False,58,5,3,False,False,False,False,False
JacksonDatabind_87,JacksonDatabind_87_n6.txt,False,58,5,1,False,False,False,False,False
Compress_35,Compress_35_n2.txt,False,47,1,1,False,True,False,False,False
Math_92,Math_92_n3.txt,True,37,2,2,False,False,False,False,False
Math_92,Math_92_n7.txt,True,21,8,8,False,False,False,False,False
Lang_22,Lang_22_n1.txt,True,47,6,3,False,False,False,False,False
Lang_22,Lang_22_n3.txt,True,56,6,3,False,False,False,False,False
Math_30,Math_30_n5.txt,False,86,8,5,True,False,False,False,False
Math_30,Math_30_n9.txt,True,86,1,1,True,False,False,False,False
Math_30,Math_30_n7.txt,False,88,8,1,True,False,False,False,False
Math_30,Math_30_n1.txt,False,88,8,2,True,False,False,False,False
Jsoup_77,Jsoup_77_n10.txt,True,96,10,10,False,False,True,False,False
Time_8,Time_8_n6.txt,True,18,3,3,False,True,False,False,False
Compress_38,Compress_38_n2.txt,False,60,2,2,False,True,False,False,False
Compress_38,Compress_38_n10.txt,False,60,6,3,False,True,False,False,False
Compress_38,Compress_38_n8.txt,False,68,6,1,False,True,False,False,False
Compress_38,Compress_38_n5.txt,False,73,1,1,False,True,False,False,False
Compress_38,Compress_38_n4.txt,False,70,6,1,False,True,False,False,False
Compress_38,Compress_38_n1.txt,False,70,6,1,False,True,False,False,False
Math_54,Math_54_n9.txt,False,47,8,8,False,False,False,False,False
Lang_28,Lang_28_n3.txt,False,29,1,1,False,False,False,False,False
Lang_28,Lang_28_n8.txt,False,24,1,1,False,False,False,False,False
Lang_28,Lang_28_n6.txt,False,29,1,1,False,False,False,False,False
Lang_28,Lang_28_n10.txt,False,29,1,1,False,False,False,False,False
Lang_28,Lang_28_n1.txt,False,24,1,1,False,False,False,False,False
Lang_28,Lang_28_n5.txt,False,19,1,1,False,False,False,False,False
Lang_28,Lang_28_n4.txt,False,19,1,1,False,False,False,False,False
JacksonDatabind_56,JacksonDatabind_56_n10.txt,False,58,10,1,False,True,False,False,False
JacksonDatabind_56,JacksonDatabind_56_n9.txt,False,45,10,2,False,True,False,False,False
JacksonDatabind_56,JacksonDatabind_56_n5.txt,False,58,10,2,False,True,False,False,False
JacksonDatabind_56,JacksonDatabind_56_n6.txt,False,47,10,2,False,True,False,False,False
JacksonDatabind_56,JacksonDatabind_56_n8.txt,False,58,10,1,False,True,False,False,False
JacksonDatabind_56,JacksonDatabind_56_n7.txt,False,47,10,1,False,True,False,False,False
JacksonDatabind_56,JacksonDatabind_56_n2.txt,False,45,10,1,False,True,False,False,False
Jsoup_35,Jsoup_35_n2.txt,True,62,5,1,True,False,False,False,False
Jsoup_35,Jsoup_35_n4.txt,False,96,5,4,True,False,False,False,False
Cli_26,Cli_26_n8.txt,False,36,5,2,True,False,False,False,True
Cli_26,Cli_26_n1.txt,False,43,5,1,True,False,False,False,True
Cli_26,Cli_26_n6.txt,False,14,1,1,True,True,False,True,False
Cli_26,Cli_26_n9.txt,False,36,1,1,True,False,False,False,True
Cli_26,Cli_26_n10.txt,False,36,5,2,True,False,False,False,True
Math_15,Math_15_n4.txt,False,30,7,5,False,False,False,False,False
Math_15,Math_15_n6.txt,True,32,3,3,False,False,True,False,False
Math_15,Math_15_n5.txt,False,30,7,2,False,False,False,False,False
Closure_105,Closure_105_n8.txt,False,24,1,1,False,False,False,False,False
Closure_105,Closure_105_n2.txt,False,26,1,1,False,False,False,False,False
JxPath_8,JxPath_8_n2.txt,False,29,2,1,False,False,False,False,False
JxPath_8,JxPath_8_n3.txt,False,18,2,1,False,False,False,False,False
JacksonDatabind_89,JacksonDatabind_89_n5.txt,False,45,4,3,False,True,False,False,False
JacksonDatabind_89,JacksonDatabind_89_n6.txt,False,72,1,1,False,True,False,False,False
JacksonDatabind_89,JacksonDatabind_89_n7.txt,False,34,2,2,False,True,False,False,False
JacksonDatabind_89,JacksonDatabind_89_n4.txt,False,34,4,1,False,True,False,False,False
JacksonDatabind_89,JacksonDatabind_89_n3.txt,False,45,1,1,False,True,False,False,False
Compress_12,Compress_12_n10.txt,False,51,2,1,True,True,False,False,False
Compress_12,Compress_12_n7.txt,False,57,2,1,True,True,False,False,False
Jsoup_31,Jsoup_31_n6.txt,False,41,9,1,False,False,True,False,False
Jsoup_31,Jsoup_31_n7.txt,False,46,9,1,False,False,True,False,False
Jsoup_31,Jsoup_31_n3.txt,False,41,9,6,False,False,True,False,False
Jsoup_31,Jsoup_31_n2.txt,False,58,1,1,False,False,False,False,False
Jsoup_31,Jsoup_31_n9.txt,False,41,9,1,False,False,True,False,False
Jsoup_69,Jsoup_69_n9.txt,False,132,1,1,True,True,False,False,False
JacksonCore_12,JacksonCore_12_n10.txt,True,151,10,10,False,False,False,False,False
Closure_99,Closure_99_n8.txt,False,20,1,1,False,False,False,False,False
JacksonDatabind_41,JacksonDatabind_41_n10.txt,False,59,1,1,False,False,False,False,False
Time_12,Time_12_n10.txt,False,105,6,3,False,False,False,False,False
Time_12,Time_12_n7.txt,False,149,6,2,False,False,False,False,False
Time_12,Time_12_n9.txt,False,108,1,1,False,False,False,False,False
Time_12,Time_12_n5.txt,False,128,2,1,False,False,False,False,False
Time_12,Time_12_n4.txt,False,148,2,1,False,False,False,False,False
Time_12,Time_12_n1.txt,False,108,1,1,False,False,False,False,False
Time_12,Time_12_n2.txt,False,153,6,1,False,False,False,False,False
JacksonDatabind_79,JacksonDatabind_79_n5.txt,False,125,1,1,False,False,False,False,False
JacksonDatabind_79,JacksonDatabind_79_n1.txt,False,145,1,1,False,False,True,False,False
Math_49,Math_49_n4.txt,True,135,10,2,True,True,False,False,False
Math_49,Math_49_n2.txt,True,115,10,3,True,True,False,False,False
Math_49,Math_49_n9.txt,True,135,10,1,True,True,False,False,False
Math_49,Math_49_n6.txt,True,102,10,1,True,True,False,False,False
Math_49,Math_49_n10.txt,True,135,10,1,True,True,False,False,False
Math_49,Math_49_n3.txt,True,90,10,1,True,True,False,False,False
Math_49,Math_49_n8.txt,True,142,10,1,True,True,False,False,False
Time_16,Time_16_n7.txt,False,65,2,1,False,False,False,False,False
Time_16,Time_16_n10.txt,False,69,1,1,False,False,False,False,False
Time_16,Time_16_n2.txt,False,65,1,1,False,True,False,False,False
Time_16,Time_16_n6.txt,False,64,2,1,False,False,False,False,False
Time_16,Time_16_n9.txt,False,69,1,1,False,True,False,False,False
Time_16,Time_16_n5.txt,False,77,1,1,False,False,False,False,False
Jsoup_26,Jsoup_26_n4.txt,True,42,10,1,True,True,False,False,False
Jsoup_26,Jsoup_26_n1.txt,True,42,10,1,True,True,False,False,False
Jsoup_26,Jsoup_26_n2.txt,True,42,10,2,True,True,False,False,False
Jsoup_26,Jsoup_26_n9.txt,True,42,10,1,True,True,False,False,False
Jsoup_26,Jsoup_26_n6.txt,True,42,10,1,True,True,False,False,False
Jsoup_26,Jsoup_26_n3.txt,True,42,10,1,True,True,False,False,False
Jsoup_26,Jsoup_26_n10.txt,True,42,10,1,True,True,False,False,False
Jsoup_26,Jsoup_26_n8.txt,True,42,10,1,True,True,False,False,False
Jsoup_26,Jsoup_26_n7.txt,True,42,10,1,True,True,False,False,False
Chart_9,Chart_9_n9.txt,True,200,10,10,True,True,False,True,False
Math_1,Math_1_n1.txt,True,40,10,9,True,True,False,False,False
Math_1,Math_1_n8.txt,True,45,10,1,True,True,False,False,False
Jsoup_28,Jsoup_28_n8.txt,True,63,1,1,False,False,False,False,False
Time_13,Time_13_n4.txt,True,23,10,10,False,False,True,False,False
Compress_42,Compress_42_n9.txt,False,79,10,7,False,True,False,False,False
Compress_42,Compress_42_n8.txt,False,75,10,1,False,True,False,False,False
Compress_42,Compress_42_n1.txt,False,90,10,1,False,True,False,False,False
Compress_42,Compress_42_n3.txt,False,75,10,1,False,True,False,False,False
Jsoup_80,Jsoup_80_n10.txt,True,30,10,10,True,True,False,True,False
Lang_17,Lang_17_n9.txt,True,31,10,9,False,False,False,False,False
Lang_17,Lang_17_n10.txt,True,33,10,1,False,False,False,False,False
Lang_36,Lang_36_n5.txt,True,17,10,7,False,False,False,False,False
Lang_36,Lang_36_n6.txt,True,17,10,3,False,False,False,False,False
Lang_33,Lang_33_n3.txt,True,52,1,1,True,False,False,False,False
Lang_33,Lang_33_n10.txt,True,20,3,1,True,True,False,False,False
Lang_33,Lang_33_n4.txt,False,45,3,1,True,True,False,False,False
Lang_33,Lang_33_n5.txt,False,79,3,1,True,True,False,False,False
Math_26,Math_26_n6.txt,False,76,9,9,True,False,False,False,False
Cli_5,Cli_5_n4.txt,False,22,2,2,True,True,False,True,False
Jsoup_9,Jsoup_9_n4.txt,False,19,1,1,False,False,False,False,False
Jsoup_9,Jsoup_9_n8.txt,False,33,1,1,False,False,False,False,False
Jsoup_9,Jsoup_9_n5.txt,False,29,2,2,False,False,False,False,False
Jsoup_9,Jsoup_9_n2.txt,False,33,1,1,False,False,False,False,False
Jsoup_9,Jsoup_9_n7.txt,False,33,1,1,False,False,False,False,False
Jsoup_72,Jsoup_72_n6.txt,False,22,10,10,True,True,False,False,False
Mockito_10,Mockito_10_n6.txt,False,135,9,2,True,True,False,True,False
Mockito_10,Mockito_10_n1.txt,False,135,9,2,True,True,False,True,False
Mockito_10,Mockito_10_n4.txt,False,135,9,1,True,True,False,True,False
Mockito_10,Mockito_10_n8.txt,False,135,9,1,True,True,False,True,False
Mockito_10,Mockito_10_n10.txt,False,135,9,3,True,True,False,True,False
Jsoup_40,Jsoup_40_n4.txt,True,19,8,8,True,True,False,True,False
Compress_39,Compress_39_n1.txt,False,28,1,1,True,True,False,False,False
Compress_39,Compress_39_n6.txt,False,69,1,1,True,False,False,False,False
Math_99,Math_99_n4.txt,True,33,3,2,False,False,False,False,False
Math_99,Math_99_n2.txt,True,33,3,2,False,False,False,False,False
Math_99,Math_99_n7.txt,True,33,3,1,False,False,False,False,False
Math_99,Math_99_n1.txt,True,33,3,1,False,False,False,False,False
Math_99,Math_99_n9.txt,False,23,1,1,False,False,False,False,False
JacksonDatabind_108,JacksonDatabind_108_n5.txt,False,58,5,5,True,False,False,False,False
JacksonDatabind_108,JacksonDatabind_108_n3.txt,False,38,4,2,True,False,False,False,False
JacksonDatabind_108,JacksonDatabind_108_n4.txt,False,41,1,1,True,False,False,False,False
JacksonDatabind_108,JacksonDatabind_108_n6.txt,False,177,4,1,True,False,False,False,False
JacksonDatabind_108,JacksonDatabind_108_n7.txt,False,33,4,1,True,False,False,False,False
Jsoup_81,Jsoup_81_n1.txt,True,72,3,3,False,False,True,False,False
Jsoup_81,Jsoup_81_n10.txt,False,79,1,1,False,False,False,False,False
Jsoup_81,Jsoup_81_n2.txt,False,68,1,1,False,False,True,False,False
JacksonDatabind_19,JacksonDatabind_19_n7.txt,False,67,3,1,False,True,False,False,False
JacksonDatabind_19,JacksonDatabind_19_n9.txt,False,54,1,1,False,True,False,False,False
JacksonDatabind_19,JacksonDatabind_19_n6.txt,False,79,3,1,False,True,False,False,False
JacksonDatabind_19,JacksonDatabind_19_n2.txt,False,43,3,1,False,True,False,False,False
JacksonDatabind_94,JacksonDatabind_94_n10.txt,False,53,1,1,False,True,False,False,False
JacksonDatabind_94,JacksonDatabind_94_n4.txt,False,34,2,2,False,True,False,False,False
Gson_13,Gson_13_n3.txt,False,68,1,1,False,False,True,False,False
Gson_13,Gson_13_n9.txt,True,52,1,1,False,False,True,False,False
Compress_17,Compress_17_n2.txt,False,53,5,1,True,True,False,False,False
Compress_17,Compress_17_n9.txt,False,69,5,3,True,True,False,False,False
Compress_17,Compress_17_n7.txt,False,56,5,1,True,True,False,False,False
Compress_17,Compress_17_n4.txt,False,60,1,1,True,True,False,False,False
Math_105,Math_105_n2.txt,True,148,10,2,False,False,False,False,False
Math_105,Math_105_n8.txt,True,148,10,5,False,False,False,False,False
Math_105,Math_105_n4.txt,True,148,10,3,False,False,False,False,False
Math_76,Math_76_n1.txt,False,111,10,1,True,False,False,False,False
Math_76,Math_76_n4.txt,False,111,10,1,True,False,False,False,False
Math_76,Math_76_n9.txt,False,114,10,1,True,False,False,False,False
Math_76,Math_76_n10.txt,False,111,10,2,True,False,False,False,False
Math_76,Math_76_n7.txt,False,114,10,1,True,False,False,False,False
Math_76,Math_76_n2.txt,False,116,10,1,True,False,False,False,False
Math_76,Math_76_n8.txt,False,112,10,1,True,False,False,False,False
Math_76,Math_76_n6.txt,False,114,10,1,True,False,False,False,False
Math_76,Math_76_n3.txt,False,111,10,1,True,False,False,False,False
Lang_24,Lang_24_n2.txt,True,17,10,4,False,False,False,False,False
Lang_24,Lang_24_n10.txt,True,17,10,6,False,False,False,False,False
Codec_1,Codec_1_n7.txt,False,28,1,1,False,False,False,False,False
Math_47,Math_47_n2.txt,False,65,8,3,False,False,False,False,False
Math_47,Math_47_n5.txt,False,65,8,1,False,False,False,False,False
Math_47,Math_47_n3.txt,False,65,8,2,False,False,False,False,False
Math_47,Math_47_n1.txt,False,65,8,1,False,False,False,False,False
Math_47,Math_47_n7.txt,False,54,8,1,False,False,False,False,False
JacksonDatabind_58,JacksonDatabind_58_n6.txt,False,106,1,1,True,False,False,False,False
JacksonDatabind_58,JacksonDatabind_58_n3.txt,False,69,1,1,True,True,False,False,False
JacksonDatabind_58,JacksonDatabind_58_n9.txt,False,119,2,1,True,True,False,False,False
JacksonDatabind_58,JacksonDatabind_58_n7.txt,False,137,2,1,True,True,False,False,False
JacksonDatabind_106,JacksonDatabind_106_n8.txt,False,115,3,2,True,True,False,True,False
JacksonDatabind_106,JacksonDatabind_106_n4.txt,False,115,3,1,True,True,False,True,False
Math_12,Math_12_n8.txt,False,101,3,1,False,False,False,False,False
Math_12,Math_12_n5.txt,False,212,1,1,False,False,False,False,False
Math_12,Math_12_n9.txt,False,96,3,1,False,False,False,False,False
Math_12,Math_12_n2.txt,False,160,1,1,False,False,False,False,False
Math_12,Math_12_n4.txt,False,172,3,1,False,False,False,False,False
Math_12,Math_12_n10.txt,False,95,1,1,False,False,False,False,False
JacksonDatabind_8,JacksonDatabind_8_n8.txt,False,78,1,1,True,True,False,False,False
Math_43,Math_43_n3.txt,False,72,5,2,False,False,True,False,False
Math_43,Math_43_n8.txt,True,72,4,1,False,False,True,False,False
Math_43,Math_43_n7.txt,True,75,4,1,False,False,True,False,False
Math_43,Math_43_n10.txt,False,72,5,1,False,False,True,False,False
Math_43,Math_43_n6.txt,True,75,4,1,False,False,True,False,False
Math_43,Math_43_n9.txt,False,72,5,1,False,False,True,False,False
Math_43,Math_43_n1.txt,False,72,5,1,False,False,True,False,False
Math_43,Math_43_n4.txt,False,67,1,1,False,False,True,False,False
Math_43,Math_43_n2.txt,True,72,4,1,False,False,True,False,False
JacksonCore_19,JacksonCore_19_n1.txt,True,89,10,10,True,True,False,True,False
Jsoup_1,Jsoup_1_n8.txt,True,33,2,2,False,False,True,False,False
Jsoup_24,Jsoup_24_n5.txt,False,72,1,1,False,False,False,False,False
Jsoup_24,Jsoup_24_n8.txt,False,42,3,1,False,False,False,False,False
Jsoup_24,Jsoup_24_n2.txt,False,67,3,2,False,False,False,False,False
Jsoup_82,Jsoup_82_n9.txt,True,45,10,7,True,True,False,True,False
Jsoup_82,Jsoup_82_n6.txt,True,40,10,3,True,True,False,True,False
JacksonDatabind_17,JacksonDatabind_17_n6.txt,False,141,5,2,True,False,False,False,False
JacksonDatabind_17,JacksonDatabind_17_n7.txt,False,141,5,3,True,False,False,False,False
Jsoup_65,Jsoup_65_n2.txt,False,62,4,1,False,True,False,False,False
Jsoup_65,Jsoup_65_n3.txt,False,71,4,1,False,True,False,False,False
Jsoup_65,Jsoup_65_n1.txt,False,71,4,1,False,True,False,False,False
Jsoup_65,Jsoup_65_n7.txt,False,62,4,1,False,True,False,False,False
Cli_10,Cli_10_n2.txt,False,92,1,1,True,False,False,False,False
Closure_71,Closure_71_n5.txt,False,72,3,2,False,False,False,False,False
Closure_71,Closure_71_n8.txt,False,70,3,1,False,False,False,False,False
Math_55,Math_55_n9.txt,False,79,9,8,False,False,False,False,False
Math_55,Math_55_n8.txt,True,85,1,1,False,False,False,False,False
Math_55,Math_55_n6.txt,False,88,9,1,False,False,False,False,False
Cli_35,Cli_35_n6.txt,False,118,1,1,True,False,False,False,False
Cli_35,Cli_35_n10.txt,False,118,1,1,True,False,False,False,False
Cli_40,Cli_40_n9.txt,False,41,4,2,False,False,False,False,False
Cli_40,Cli_40_n5.txt,False,41,4,4,False,False,False,False,False
Cli_40,Cli_40_n7.txt,True,41,4,2,False,False,False,False,False
Codec_13,Codec_13_n7.txt,False,34,10,6,True,True,False,True,False
Codec_13,Codec_13_n8.txt,True,29,10,2,True,True,False,True,False
Codec_13,Codec_13_n3.txt,True,31,10,1,True,True,False,True,False
Codec_13,Codec_13_n9.txt,False,29,10,1,True,True,False,True,False
JacksonDatabind_40,JacksonDatabind_40_n10.txt,False,64,7,1,True,False,False,False,False
JacksonDatabind_40,JacksonDatabind_40_n3.txt,True,57,7,3,True,False,False,False,False
JacksonDatabind_40,JacksonDatabind_40_n7.txt,False,71,7,1,True,False,False,False,False
JacksonDatabind_40,JacksonDatabind_40_n2.txt,False,68,7,1,True,False,False,False,False
JacksonDatabind_40,JacksonDatabind_40_n4.txt,False,64,1,1,True,False,False,False,False
JacksonDatabind_40,JacksonDatabind_40_n1.txt,False,64,1,1,True,False,False,False,False
JacksonDatabind_40,JacksonDatabind_40_n6.txt,False,73,7,1,True,False,False,False,False
Compress_8,Compress_8_n7.txt,False,45,1,1,False,False,False,False,False
Compress_47,Compress_47_n1.txt,False,81,2,1,True,True,False,False,False
Compress_47,Compress_47_n8.txt,False,75,2,1,True,True,False,False,False
Compress_47,Compress_47_n4.txt,False,28,1,1,True,True,False,False,False
Compress_47,Compress_47_n9.txt,False,46,2,1,True,True,False,False,False
Compress_47,Compress_47_n2.txt,False,43,2,1,True,True,False,False,False
Compress_47,Compress_47_n6.txt,False,28,1,1,True,True,False,False,False
Closure_77,Closure_77_n8.txt,False,30,7,2,False,False,True,False,False
Closure_77,Closure_77_n5.txt,False,30,7,5,False,False,True,False,False
Closure_135,Closure_135_n9.txt,False,46,2,1,False,False,False,False,False
Closure_135,Closure_135_n5.txt,False,46,2,1,False,False,False,False,False
Csv_10,Csv_10_n7.txt,False,59,4,2,False,False,True,False,False
Csv_10,Csv_10_n4.txt,True,59,4,2,False,False,True,False,False
Jsoup_10,Jsoup_10_n1.txt,False,83,4,3,False,True,False,False,False
Jsoup_10,Jsoup_10_n2.txt,False,83,4,1,False,True,False,False,False
Compress_5,Compress_5_n5.txt,False,59,1,1,True,True,False,False,False
Compress_5,Compress_5_n9.txt,False,53,1,1,True,True,False,False,False
Closure_21,Closure_21_n4.txt,False,44,1,1,False,False,False,False,False
Chart_1,Chart_1_n2.txt,False,60,1,1,False,True,False,False,False
Cli_31,Cli_31_n5.txt,False,97,1,1,False,False,False,False,False
Time_15,Time_15_n2.txt,False,31,6,5,True,False,False,False,False
Time_15,Time_15_n8.txt,False,41,6,1,True,False,False,False,False
Time_15,Time_15_n3.txt,False,41,1,1,True,False,False,False,False
Time_20,Time_20_n2.txt,False,39,2,1,True,True,False,False,False
Time_20,Time_20_n9.txt,False,124,1,1,True,True,False,False,False
Time_20,Time_20_n4.txt,False,42,2,1,True,True,False,False,False
Time_20,Time_20_n1.txt,False,38,2,1,True,True,False,False,False
Time_20,Time_20_n5.txt,False,40,1,1,True,True,False,False,False
Time_20,Time_20_n7.txt,False,121,2,1,True,True,False,False,False
Time_20,Time_20_n3.txt,False,38,2,1,True,True,False,False,False
Time_20,Time_20_n10.txt,False,38,1,1,True,True,False,False,False
Time_20,Time_20_n6.txt,False,120,2,1,True,True,False,False,False
JacksonDatabind_110,JacksonDatabind_110_n8.txt,False,107,3,3,True,True,False,True,False
Time_7,Time_7_n10.txt,True,88,9,9,False,True,False,False,False
Jsoup_58,Jsoup_58_n6.txt,False,121,10,7,False,False,True,False,False
Jsoup_58,Jsoup_58_n4.txt,True,31,10,2,False,False,True,False,False
Jsoup_58,Jsoup_58_n9.txt,True,38,10,1,False,False,True,False,False
Compress_29,Compress_29_n9.txt,False,62,1,1,False,True,False,False,False
Compress_29,Compress_29_n1.txt,False,80,1,1,False,True,False,False,False
Chart_11,Chart_11_n7.txt,False,119,1,1,False,False,False,False,False
Math_101,Math_101_n6.txt,False,51,4,3,True,False,False,False,False
Math_101,Math_101_n7.txt,False,56,4,1,True,False,False,False,False
JacksonDatabind_82,JacksonDatabind_82_n8.txt,False,173,3,3,False,True,False,False,False
JacksonDatabind_82,JacksonDatabind_82_n1.txt,False,190,1,1,False,True,False,False,False
Jsoup_5,Jsoup_5_n10.txt,False,38,10,1,True,True,False,True,False
Jsoup_5,Jsoup_5_n2.txt,False,33,10,8,True,True,False,True,False
Jsoup_5,Jsoup_5_n4.txt,False,33,10,1,True,True,False,True,False
Math_59,Math_59_n2.txt,True,22,10,3,False,False,True,False,False
Math_59,Math_59_n9.txt,True,24,10,5,False,False,True,False,False
Math_59,Math_59_n5.txt,True,27,10,1,False,False,True,False,False
Math_59,Math_59_n10.txt,True,23,10,1,False,False,True,False,False
Jsoup_12,Jsoup_12_n3.txt,True,43,6,6,True,True,False,False,False
Jsoup_12,Jsoup_12_n2.txt,True,47,1,1,True,True,False,False,False
JacksonCore_6,JacksonCore_6_n3.txt,False,34,1,1,False,False,False,False,False
Jsoup_47,Jsoup_47_n9.txt,False,53,7,3,False,False,False,False,False
Jsoup_47,Jsoup_47_n6.txt,False,64,7,1,False,False,False,False,False
Jsoup_47,Jsoup_47_n1.txt,False,49,7,1,False,False,False,False,False
Jsoup_47,Jsoup_47_n7.txt,False,49,7,1,False,False,False,False,False
Jsoup_47,Jsoup_47_n3.txt,False,49,7,1,False,False,False,False,False
JacksonDatabind_105,JacksonDatabind_105_n5.txt,False,103,1,1,False,True,False,False,False
JacksonDatabind_105,JacksonDatabind_105_n6.txt,False,75,1,1,False,True,False,False,False
Lang_23,Lang_23_n8.txt,False,40,3,2,False,False,False,False,False
Lang_23,Lang_23_n3.txt,False,92,4,1,False,True,False,False,False
Lang_23,Lang_23_n6.txt,False,118,4,1,False,True,False,False,False
Lang_23,Lang_23_n10.txt,False,32,1,1,False,False,False,False,False
Lang_23,Lang_23_n2.txt,False,59,4,1,False,True,False,False,False
Lang_23,Lang_23_n7.txt,False,40,3,1,False,False,False,False,False
Lang_23,Lang_23_n1.txt,False,92,4,1,False,True,False,False,False
Lang_23,Lang_23_n9.txt,False,40,1,1,False,False,False,False,False
Csv_16,Csv_16_n5.txt,False,137,2,1,False,True,False,False,False
Csv_16,Csv_16_n2.txt,False,79,2,1,False,True,False,False,False
Jsoup_50,Jsoup_50_n5.txt,True,69,1,1,False,True,False,False,False
Jsoup_50,Jsoup_50_n6.txt,False,63,1,1,False,False,False,False,False
Jsoup_56,Jsoup_56_n7.txt,False,67,6,1,False,False,False,False,False
Jsoup_56,Jsoup_56_n1.txt,False,67,6,1,False,False,False,False,False
Jsoup_56,Jsoup_56_n9.txt,False,62,2,1,False,False,False,False,False
Jsoup_56,Jsoup_56_n6.txt,False,65,2,1,False,False,False,False,False
Jsoup_56,Jsoup_56_n2.txt,False,67,6,1,False,False,False,False,False
Jsoup_56,Jsoup_56_n4.txt,False,53,1,1,False,False,False,False,False
Jsoup_56,Jsoup_56_n10.txt,False,67,6,1,False,False,False,False,False
Jsoup_56,Jsoup_56_n5.txt,False,53,6,1,False,False,False,False,False
Jsoup_56,Jsoup_56_n8.txt,False,53,6,1,False,False,False,False,False
Jsoup_56,Jsoup_56_n3.txt,False,46,1,1,False,True,False,False,False
Math_41,Math_41_n4.txt,False,99,1,1,False,False,False,False,False
Codec_17,Codec_17_n9.txt,True,24,10,2,False,True,False,False,False
Codec_17,Codec_17_n10.txt,True,19,10,8,False,True,False,False,False
Codec_6,Codec_6_n3.txt,False,92,1,1,True,False,False,False,False
Codec_6,Codec_6_n9.txt,False,58,1,1,True,False,False,False,False
Codec_6,Codec_6_n7.txt,False,106,1,1,True,False,False,False,False
Codec_6,Codec_6_n4.txt,False,137,1,1,True,False,False,False,False
Codec_6,Codec_6_n10.txt,False,96,1,1,True,False,False,False,False
Codec_6,Codec_6_n8.txt,False,88,1,1,True,False,False,False,False
JacksonCore_7,JacksonCore_7_n9.txt,False,62,2,2,True,True,False,False,False
Jsoup_36,Jsoup_36_n1.txt,False,69,3,1,True,True,False,False,False
Jsoup_36,Jsoup_36_n7.txt,False,41,2,1,True,True,False,False,False
Jsoup_36,Jsoup_36_n3.txt,False,69,3,1,True,True,False,False,False
Jsoup_36,Jsoup_36_n4.txt,False,45,3,1,True,True,False,False,False
Jsoup_36,Jsoup_36_n2.txt,False,67,2,1,True,True,False,False,False
Csv_5,Csv_5_n3.txt,False,66,5,1,False,False,True,False,False
Csv_5,Csv_5_n5.txt,False,66,5,2,False,False,True,False,False
Csv_5,Csv_5_n10.txt,True,43,1,1,False,False,True,False,False
Csv_5,Csv_5_n9.txt,False,74,5,1,False,False,True,False,False
Csv_5,Csv_5_n7.txt,False,74,5,1,False,False,True,False,False
JacksonDatabind_44,JacksonDatabind_44_n1.txt,False,165,1,1,False,True,False,False,False
JacksonDatabind_90,JacksonDatabind_90_n9.txt,False,35,1,1,True,True,False,False,False
JacksonDatabind_103,JacksonDatabind_103_n1.txt,False,28,1,1,True,True,False,False,False
Math_29,Math_29_n8.txt,False,135,1,1,False,False,False,False,False
Math_29,Math_29_n7.txt,False,80,2,1,False,False,False,False,False
Math_29,Math_29_n10.txt,False,89,2,1,False,False,False,False,False
Cli_29,Cli_29_n5.txt,True,24,3,3,False,False,True,False,False
Cli_29,Cli_29_n1.txt,False,24,2,2,False,False,False,False,False
JxPath_21,JxPath_21_n9.txt,True,134,2,2,False,False,True,False,False
JacksonDatabind_85,JacksonDatabind_85_n9.txt,False,59,1,1,False,False,False,False,False
JacksonDatabind_85,JacksonDatabind_85_n7.txt,False,60,1,1,False,False,False,False,False
JacksonDatabind_85,JacksonDatabind_85_n1.txt,False,60,1,1,False,False,False,False,False
JacksonDatabind_85,JacksonDatabind_85_n8.txt,False,48,1,1,False,False,False,False,False
JacksonDatabind_85,JacksonDatabind_85_n3.txt,False,107,1,1,False,False,False,False,False
Compress_16,Compress_16_n6.txt,False,55,2,1,False,True,False,False,False
Compress_16,Compress_16_n10.txt,False,59,2,1,False,True,False,False,False
Compress_16,Compress_16_n5.txt,False,55,2,1,False,True,False,False,False
Compress_16,Compress_16_n1.txt,False,51,2,1,False,True,False,False,False
JxPath_6,JxPath_6_n6.txt,False,80,1,1,False,False,False,False,False
Compress_7,Compress_7_n5.txt,False,56,2,1,False,True,False,False,False
Compress_7,Compress_7_n2.txt,False,69,2,1,False,True,False,False,False
Codec_12,Codec_12_n6.txt,True,55,10,9,False,False,True,False,False
Codec_12,Codec_12_n7.txt,True,55,10,1,False,False,True,False,False
Math_35,Math_35_n7.txt,False,53,3,1,False,False,False,False,False
Math_35,Math_35_n8.txt,False,53,3,1,False,False,False,False,False
Math_35,Math_35_n6.txt,False,53,3,1,False,False,False,False,False
Math_35,Math_35_n4.txt,False,53,2,1,False,False,False,False,False
Math_35,Math_35_n3.txt,False,53,2,1,False,False,False,False,False
Math_94,Math_94_n1.txt,True,39,1,1,True,False,False,False,False
Csv_15,Csv_15_n7.txt,False,74,2,1,False,True,False,False,False
Csv_15,Csv_15_n4.txt,False,78,2,1,False,True,False,False,False
Csv_15,Csv_15_n6.txt,False,72,4,3,False,False,True,False,False
Csv_15,Csv_15_n5.txt,False,70,4,1,False,False,True,False,False
Gson_1,Gson_1_n4.txt,False,142,5,3,False,False,False,False,False
Gson_1,Gson_1_n8.txt,False,197,5,1,False,False,False,False,False
Gson_1,Gson_1_n9.txt,False,151,1,1,False,False,False,False,False
Gson_1,Gson_1_n3.txt,False,144,5,1,False,False,False,False,False
Chart_5,Chart_5_n2.txt,False,111,1,1,False,False,False,False,False
Time_10,Time_10_n4.txt,True,95,10,5,True,True,False,False,False
Time_10,Time_10_n10.txt,True,49,10,3,True,True,False,False,False
Time_10,Time_10_n2.txt,True,47,10,2,True,True,False,False,False
Math_2,Math_2_n6.txt,True,53,4,1,True,False,False,False,False
Math_2,Math_2_n10.txt,True,53,4,3,True,False,False,False,False
Math_2,Math_2_n9.txt,False,31,1,1,True,False,False,False,False
Math_2,Math_2_n4.txt,False,54,1,1,True,False,False,False,False
Math_75,Math_75_n10.txt,False,86,1,1,False,False,False,False,False
Time_5,Time_5_n3.txt,False,176,3,1,True,False,False,False,False
Time_5,Time_5_n2.txt,False,132,3,1,True,False,False,False,False
Time_5,Time_5_n8.txt,False,116,3,1,True,False,False,False,False
JacksonCore_8,JacksonCore_8_n2.txt,False,62,10,10,False,False,False,False,False
Closure_75,Closure_75_n1.txt,False,21,2,1,True,True,False,False,False
Closure_75,Closure_75_n6.txt,False,21,2,1,True,True,False,False,False
Closure_75,Closure_75_n5.txt,False,12,1,1,True,False,False,False,False
Math_48,Math_48_n3.txt,False,72,10,10,False,True,False,False,False
Compress_32,Compress_32_n7.txt,False,42,1,1,True,True,False,False,False
Compress_32,Compress_32_n9.txt,False,62,1,1,True,True,False,False,False
Compress_32,Compress_32_n2.txt,False,73,1,1,True,True,False,False,False
Compress_32,Compress_32_n8.txt,False,116,1,1,True,True,False,False,False
Math_5,Math_5_n9.txt,False,48,10,4,False,False,True,False,False
Math_5,Math_5_n5.txt,False,48,10,4,False,False,True,False,False
Math_5,Math_5_n4.txt,False,53,10,1,False,False,True,False,False
Math_5,Math_5_n7.txt,False,53,10,1,False,False,True,False,False
Lang_1,Lang_1_n4.txt,True,24,10,10,False,True,False,False,False
Time_18,Time_18_n5.txt,False,68,10,7,True,True,False,True,False
Time_18,Time_18_n8.txt,False,68,10,1,True,True,False,True,False
Time_18,Time_18_n1.txt,False,68,10,1,True,True,False,True,False
Time_18,Time_18_n7.txt,True,61,10,1,True,True,False,True,False
JacksonDatabind_100,JacksonDatabind_100_n7.txt,False,61,2,1,False,True,False,False,False
JacksonDatabind_100,JacksonDatabind_100_n10.txt,False,68,2,1,False,True,False,False,False
JacksonDatabind_35,JacksonDatabind_35_n2.txt,False,165,1,1,False,False,True,False,False
JacksonDatabind_35,JacksonDatabind_35_n9.txt,False,147,1,1,False,True,False,False,False
Compress_22,Compress_22_n8.txt,False,77,4,1,False,True,False,False,False
Compress_22,Compress_22_n7.txt,False,117,4,1,False,True,False,False,False
Compress_22,Compress_22_n4.txt,False,81,4,1,False,True,False,False,False
Compress_22,Compress_22_n6.txt,False,81,4,1,False,True,False,False,False
Cli_39,Cli_39_n1.txt,False,93,3,1,False,True,False,False,False
Cli_39,Cli_39_n8.txt,False,93,3,1,False,True,False,False,False
Cli_39,Cli_39_n5.txt,False,93,3,1,False,True,False,False,False
JacksonCore_23,JacksonCore_23_n9.txt,False,43,3,2,False,False,False,False,False
JacksonCore_23,JacksonCore_23_n8.txt,False,43,3,1,False,False,False,False,False
JacksonDatabind_92,JacksonDatabind_92_n3.txt,False,45,6,1,False,True,False,False,False
JacksonDatabind_92,JacksonDatabind_92_n9.txt,False,45,6,2,False,True,False,False,False
JacksonDatabind_92,JacksonDatabind_92_n2.txt,False,34,6,1,False,True,False,False,False
JacksonDatabind_92,JacksonDatabind_92_n5.txt,False,45,6,1,False,True,False,False,False
JacksonDatabind_92,JacksonDatabind_92_n4.txt,False,34,6,1,False,True,False,False,False
JacksonDatabind_92,JacksonDatabind_92_n6.txt,False,45,1,1,False,True,False,False,False
Csv_14,Csv_14_n3.txt,False,86,1,1,False,False,False,False,False
Jsoup_3,Jsoup_3_n6.txt,False,42,1,1,False,True,False,False,False
Jsoup_3,Jsoup_3_n2.txt,False,40,1,1,False,False,False,False,False
Jsoup_62,Jsoup_62_n5.txt,True,94,8,3,False,False,False,False,False
Jsoup_62,Jsoup_62_n2.txt,False,100,1,1,False,False,False,False,False
Jsoup_62,Jsoup_62_n1.txt,True,89,8,1,False,False,False,False,False
Jsoup_62,Jsoup_62_n7.txt,True,112,8,1,False,False,False,False,False
Jsoup_62,Jsoup_62_n3.txt,True,107,1,1,False,False,True,False,False
Jsoup_62,Jsoup_62_n9.txt,True,89,8,1,False,False,False,False,False
Jsoup_62,Jsoup_62_n10.txt,True,112,8,2,False,False,False,False,False
JacksonDatabind_31,JacksonDatabind_31_n5.txt,False,120,2,1,False,True,False,False,False
JacksonDatabind_31,JacksonDatabind_31_n10.txt,False,169,2,1,False,True,False,False,False
JacksonDatabind_31,JacksonDatabind_31_n9.txt,False,59,2,1,False,True,False,False,False
JacksonDatabind_31,JacksonDatabind_31_n4.txt,False,63,2,1,False,True,False,False,False
Codec_16,Codec_16_n1.txt,False,59,1,1,False,False,False,False,False
Jsoup_71,Jsoup_71_n4.txt,False,61,5,1,False,True,False,False,False
Jsoup_71,Jsoup_71_n1.txt,False,61,5,4,False,True,False,False,False
Jsoup_71,Jsoup_71_n3.txt,False,56,1,1,False,True,False,False,False
Math_11,Math_11_n2.txt,True,56,10,9,False,False,False,False,False
Math_11,Math_11_n6.txt,True,72,10,1,False,False,False,False,False
Compress_44,Compress_44_n8.txt,False,24,9,9,True,True,False,True,False
Lang_5,Lang_5_n9.txt,False,35,7,2,False,False,False,False,False
Lang_5,Lang_5_n5.txt,False,63,7,4,False,False,False,False,False
Lang_5,Lang_5_n1.txt,False,91,7,1,False,False,False,False,False
Time_19,Time_19_n4.txt,False,105,10,10,False,False,True,False,False
Gson_14,Gson_14_n5.txt,False,36,5,2,True,True,False,True,False
Gson_14,Gson_14_n7.txt,False,44,5,1,True,True,False,True,False
Gson_14,Gson_14_n2.txt,False,41,5,1,True,True,False,True,False
Gson_14,Gson_14_n1.txt,False,44,5,1,True,True,False,True,False
Closure_30,Closure_30_n4.txt,False,39,1,1,False,False,False,False,False
Closure_30,Closure_30_n8.txt,False,19,1,1,False,False,False,False,False
Closure_69,Closure_69_n7.txt,False,12,1,1,False,False,False,False,False
Lang_35,Lang_35_n2.txt,False,36,10,9,True,True,False,True,False
Lang_35,Lang_35_n8.txt,False,36,10,1,True,True,False,True,False
Compress_27,Compress_27_n9.txt,False,88,1,1,True,True,False,False,False
Compress_27,Compress_27_n8.txt,False,83,1,1,True,True,False,False,False
Compress_27,Compress_27_n7.txt,False,95,1,1,True,True,False,False,False
Closure_84,Closure_84_n9.txt,False,27,1,1,False,False,False,False,False
Compress_15,Compress_15_n6.txt,False,66,2,1,False,True,False,False,False
Compress_15,Compress_15_n9.txt,False,66,3,2,False,True,False,False,False
Compress_15,Compress_15_n7.txt,False,168,1,1,False,False,False,False,False
Compress_15,Compress_15_n4.txt,False,66,1,1,False,True,False,False,False
Compress_15,Compress_15_n2.txt,False,70,3,1,False,True,False,False,False
Compress_15,Compress_15_n5.txt,False,66,2,1,False,True,False,False,False
Jsoup_83,Jsoup_83_n1.txt,True,43,10,10,False,False,False,False,False
Lang_25,Lang_25_n8.txt,False,31,1,1,True,False,False,False,False
JacksonXml_1,JacksonXml_1_n8.txt,False,48,1,1,False,True,False,False,False
Csv_2,Csv_2_n7.txt,False,59,10,8,True,True,False,False,False
Csv_2,Csv_2_n4.txt,False,59,10,2,True,True,False,False,False
JacksonDatabind_112,JacksonDatabind_112_n4.txt,False,136,2,1,False,True,False,False,False
JacksonDatabind_112,JacksonDatabind_112_n5.txt,False,135,2,1,False,True,False,False,False
JacksonDatabind_112,JacksonDatabind_112_n3.txt,False,145,1,1,False,True,False,False,False
Codec_9,Codec_9_n6.txt,False,39,6,1,True,False,False,False,False
Codec_9,Codec_9_n10.txt,False,39,6,4,True,False,False,False,False
Codec_9,Codec_9_n5.txt,False,39,6,1,True,False,False,False,False
Csv_8,Csv_8_n2.txt,True,46,1,1,False,False,False,False,False
Csv_8,Csv_8_n7.txt,True,146,1,1,False,False,False,False,False
Gson_5,Gson_5_n4.txt,False,132,1,1,True,True,False,True,False
Gson_5,Gson_5_n9.txt,False,40,4,1,True,True,False,True,False
Gson_5,Gson_5_n1.txt,False,40,4,1,True,True,False,True,False
Gson_5,Gson_5_n3.txt,False,40,4,1,True,True,False,True,False
Gson_5,Gson_5_n8.txt,False,40,4,1,True,True,False,True,False
JacksonDatabind_102,JacksonDatabind_102_n2.txt,False,82,1,1,False,False,False,False,False
JacksonDatabind_102,JacksonDatabind_102_n9.txt,True,67,1,1,False,False,False,False,False
JacksonDatabind_102,JacksonDatabind_102_n3.txt,True,77,2,1,False,False,False,False,False
JacksonDatabind_102,JacksonDatabind_102_n8.txt,True,71,1,1,False,False,False,False,False
JacksonDatabind_102,JacksonDatabind_102_n6.txt,True,67,1,1,False,False,False,False,False
JacksonDatabind_102,JacksonDatabind_102_n7.txt,True,77,2,1,False,False,False,False,False
JacksonDatabind_102,JacksonDatabind_102_n10.txt,False,67,1,1,False,False,False,False,False
JacksonDatabind_102,JacksonDatabind_102_n1.txt,False,92,1,1,False,False,False,False,False
Jsoup_39,Jsoup_39_n1.txt,False,38,3,2,False,False,False,False,False
Jsoup_39,Jsoup_39_n6.txt,False,70,1,1,False,False,True,False,False
Jsoup_39,Jsoup_39_n5.txt,False,38,1,1,False,False,False,False,False
Jsoup_39,Jsoup_39_n4.txt,False,33,3,1,False,False,False,False,False
Jsoup_39,Jsoup_39_n10.txt,False,63,1,1,False,False,False,False,False
Closure_173,Closure_173_n5.txt,False,40,8,1,False,False,False,False,False
Closure_173,Closure_173_n6.txt,False,42,8,1,False,False,False,False,False
Closure_173,Closure_173_n3.txt,False,42,8,4,False,False,False,False,False
Closure_173,Closure_173_n2.txt,False,42,8,2,False,False,False,False,False
Jsoup_38,Jsoup_38_n2.txt,True,65,8,6,False,True,False,False,False
Jsoup_38,Jsoup_38_n6.txt,False,65,2,1,False,False,True,False,False
Jsoup_38,Jsoup_38_n9.txt,True,65,8,1,False,True,False,False,False
Jsoup_38,Jsoup_38_n8.txt,True,76,8,1,False,True,False,False,False
Jsoup_38,Jsoup_38_n5.txt,False,65,2,1,False,False,True,False,False
Closure_51,Closure_51_n5.txt,False,19,2,2,False,False,False,False,False
Lang_19,Lang_19_n7.txt,False,29,10,1,True,True,False,True,False
Lang_19,Lang_19_n6.txt,True,19,10,5,True,True,False,True,False
Lang_19,Lang_19_n5.txt,True,34,10,2,True,True,False,True,False
Lang_19,Lang_19_n2.txt,False,29,10,1,True,True,False,True,False
Lang_19,Lang_19_n8.txt,False,34,10,1,True,True,False,True,False
Jsoup_74,Jsoup_74_n1.txt,True,42,10,10,False,False,False,False,False
Math_22,Math_22_n9.txt,False,33,6,1,False,False,False,False,False
Math_22,Math_22_n8.txt,False,36,6,1,False,False,False,False,False
Math_22,Math_22_n1.txt,False,131,6,1,False,False,False,False,False
Math_22,Math_22_n10.txt,True,37,6,1,False,False,False,False,False
Math_22,Math_22_n4.txt,False,36,6,1,False,False,False,False,False
Math_22,Math_22_n5.txt,False,83,6,1,False,False,False,False,False
Lang_18,Lang_18_n8.txt,False,33,2,1,False,False,False,False,False
Lang_18,Lang_18_n3.txt,False,58,1,1,False,False,False,False,False
Lang_18,Lang_18_n5.txt,False,33,1,1,False,False,False,False,False
Lang_18,Lang_18_n7.txt,False,58,2,1,False,False,False,False,False
Lang_18,Lang_18_n4.txt,False,66,2,1,False,True,False,False,False
Lang_18,Lang_18_n9.txt,False,58,2,1,False,True,False,False,False
Jsoup_34,Jsoup_34_n4.txt,False,47,3,3,True,True,False,False,False
Jsoup_34,Jsoup_34_n6.txt,False,38,2,1,True,False,False,False,False
Jsoup_34,Jsoup_34_n5.txt,False,47,1,1,True,True,False,True,False
Jsoup_34,Jsoup_34_n3.txt,False,64,2,1,True,False,False,False,False
Jsoup_34,Jsoup_34_n8.txt,False,40,1,1,True,False,False,False,False
Jsoup_75,Jsoup_75_n1.txt,True,38,10,3,False,False,False,False,False
Jsoup_75,Jsoup_75_n2.txt,True,38,10,6,False,False,False,False,False
Jsoup_75,Jsoup_75_n7.txt,True,38,10,1,False,False,False,False,False
Closure_149,Closure_149_n7.txt,False,100,1,1,False,True,False,False,False
Math_93,Math_93_n2.txt,True,38,6,3,False,False,False,False,False
Math_93,Math_93_n6.txt,True,38,6,1,False,False,False,False,False
Math_93,Math_93_n5.txt,True,43,6,1,False,False,False,False,False
Math_93,Math_93_n10.txt,False,52,1,1,False,False,False,False,False
Math_93,Math_93_n3.txt,True,38,6,1,False,False,False,False,False
Jsoup_25,Jsoup_25_n1.txt,False,47,1,1,False,False,False,False,False
Jsoup_25,Jsoup_25_n2.txt,False,47,6,4,False,False,False,False,False
Jsoup_25,Jsoup_25_n9.txt,False,47,6,1,False,False,False,False,False
Jsoup_25,Jsoup_25_n8.txt,True,47,1,1,False,False,False,False,False
Jsoup_25,Jsoup_25_n3.txt,False,47,6,1,False,False,False,False,False
Time_14,Time_14_n6.txt,True,50,10,4,True,True,False,True,False
Time_14,Time_14_n7.txt,True,49,10,6,True,True,False,True,False
Closure_160,Closure_160_n8.txt,False,14,1,1,False,False,False,False,False
Time_9,Time_9_n8.txt,False,62,2,1,False,True,False,False,False
Time_9,Time_9_n7.txt,False,62,1,1,False,False,False,False,False
Time_9,Time_9_n9.txt,False,84,2,1,False,True,False,False,False
Time_9,Time_9_n5.txt,False,56,1,1,False,True,False,False,False
Time_9,Time_9_n4.txt,False,73,1,1,False,False,False,False,False
Time_9,Time_9_n3.txt,False,62,1,1,False,False,False,False,False
JacksonDatabind_42,JacksonDatabind_42_n4.txt,True,68,10,10,False,False,True,False,False
Jsoup_11,Jsoup_11_n1.txt,False,47,1,1,False,True,False,False,False
Math_50,Math_50_n4.txt,False,72,10,10,False,True,False,False,False
Lang_38,Lang_38_n8.txt,True,75,8,1,False,False,False,False,False
Lang_38,Lang_38_n9.txt,True,81,8,4,False,False,False,False,False
Lang_38,Lang_38_n1.txt,True,87,8,1,False,False,False,False,False
Lang_38,Lang_38_n10.txt,True,75,8,1,False,False,False,False,False
Lang_38,Lang_38_n3.txt,True,82,8,1,False,False,False,False,False
Compress_46,Compress_46_n4.txt,False,43,1,1,False,True,False,False,False
Compress_46,Compress_46_n10.txt,False,39,1,1,False,True,False,False,False
Compress_46,Compress_46_n6.txt,False,43,1,1,False,True,False,False,False
Compress_46,Compress_46_n7.txt,False,43,1,1,False,True,False,False,False
Compress_46,Compress_46_n1.txt,False,43,1,1,False,True,False,False,False
Compress_24,Compress_24_n3.txt,False,42,1,1,True,True,False,False,False
Compress_24,Compress_24_n5.txt,False,73,1,1,True,True,False,False,False
Compress_24,Compress_24_n9.txt,False,46,1,1,True,True,False,False,False
Compress_24,Compress_24_n10.txt,False,69,1,1,True,True,False,False,False
Compress_24,Compress_24_n8.txt,False,47,2,1,True,True,False,False,False
Compress_24,Compress_24_n1.txt,False,42,2,1,True,True,False,False,False
Lang_13,Lang_13_n1.txt,True,41,10,1,True,True,False,False,False
Lang_13,Lang_13_n8.txt,True,39,10,5,True,True,False,False,False
Lang_13,Lang_13_n4.txt,True,37,10,3,True,True,False,False,False
Lang_13,Lang_13_n3.txt,True,37,10,1,True,True,False,False,False
Jsoup_30,Jsoup_30_n5.txt,False,35,1,1,True,False,False,False,False
Cli_23,Cli_23_n1.txt,False,78,10,1,True,True,False,False,False
Cli_23,Cli_23_n8.txt,False,78,10,1,True,True,False,False,False
Cli_23,Cli_23_n4.txt,False,78,10,1,True,True,False,False,False
Cli_23,Cli_23_n3.txt,False,78,10,1,True,True,False,False,False
Cli_23,Cli_23_n9.txt,False,78,10,1,True,True,False,False,False
Cli_23,Cli_23_n6.txt,False,78,10,1,True,True,False,False,False
Cli_23,Cli_23_n2.txt,False,78,10,1,True,True,False,False,False
Cli_23,Cli_23_n10.txt,False,78,10,1,True,True,False,False,False
Cli_23,Cli_23_n7.txt,False,78,10,2,True,True,False,False,False
Math_6,Math_6_n8.txt,True,186,1,1,False,False,False,False,False
Math_37,Math_37_n6.txt,True,53,1,1,False,False,True,False,False
Lang_27,Lang_27_n5.txt,True,29,10,1,True,True,False,True,False
Lang_27,Lang_27_n6.txt,True,29,10,4,True,True,False,True,False
Lang_27,Lang_27_n9.txt,True,29,10,1,True,True,False,True,False
Lang_27,Lang_27_n4.txt,True,29,10,1,True,True,False,True,False
Lang_27,Lang_27_n2.txt,True,29,10,1,True,True,False,True,False
Lang_27,Lang_27_n7.txt,True,24,10,1,True,True,False,True,False
Lang_27,Lang_27_n8.txt,True,29,10,1,True,True,False,True,False
Compress_23,Compress_23_n2.txt,False,33,4,1,True,True,False,False,False
Compress_23,Compress_23_n1.txt,False,52,4,1,True,True,False,False,False
Compress_23,Compress_23_n7.txt,False,27,4,1,True,True,False,False,False
Compress_23,Compress_23_n10.txt,False,27,4,1,True,True,False,False,False
Gson_7,Gson_7_n8.txt,True,80,10,10,False,True,False,False,False
Jsoup_16,Jsoup_16_n5.txt,False,70,1,1,False,False,False,False,False
Jsoup_16,Jsoup_16_n10.txt,False,38,1,1,False,False,False,False,False
Compress_43,Compress_43_n1.txt,False,194,1,1,False,False,False,False,False
Compress_43,Compress_43_n7.txt,False,156,1,1,False,False,False,False,False
Compress_43,Compress_43_n9.txt,False,172,1,1,False,False,False,False,False
Codec_15,Codec_15_n7.txt,False,87,4,1,False,False,False,False,False
Codec_15,Codec_15_n10.txt,False,27,1,1,False,False,False,False,False
Codec_15,Codec_15_n5.txt,False,75,1,1,False,False,False,False,False
Codec_15,Codec_15_n2.txt,False,63,4,2,False,False,False,False,False
Codec_15,Codec_15_n1.txt,False,87,1,1,False,False,False,False,False
Codec_15,Codec_15_n8.txt,False,39,1,1,False,False,False,False,False
Codec_15,Codec_15_n9.txt,False,27,1,1,False,False,False,False,False
Codec_15,Codec_15_n4.txt,False,75,4,1,False,False,False,False,False
Codec_3,Codec_3_n2.txt,False,27,3,2,False,False,True,False,False
Codec_3,Codec_3_n1.txt,False,111,3,1,False,False,True,False,False
Codec_3,Codec_3_n8.txt,False,63,3,2,False,False,True,False,False
Codec_3,Codec_3_n5.txt,False,63,1,1,False,False,False,False,False
Codec_3,Codec_3_n10.txt,False,27,3,1,False,False,True,False,False
JacksonDatabind_83,JacksonDatabind_83_n8.txt,True,106,10,10,True,True,False,True,False
Jsoup_76,Jsoup_76_n2.txt,False,68,1,1,False,False,True,False,False
Codec_8,Codec_8_n4.txt,False,52,2,2,True,False,False,False,False
Codec_8,Codec_8_n1.txt,False,52,3,3,True,False,False,False,False
JacksonCore_5,JacksonCore_5_n10.txt,True,28,2,1,True,True,False,False,False
JacksonCore_5,JacksonCore_5_n1.txt,True,14,2,1,True,True,False,False,False
JacksonDatabind_104,JacksonDatabind_104_n2.txt,False,136,10,10,True,True,False,True,False
Closure_37,Closure_37_n7.txt,False,28,1,1,True,False,False,False,False
Closure_37,Closure_37_n8.txt,False,34,1,1,True,False,False,False,False
Closure_37,Closure_37_n5.txt,False,12,1,1,True,False,False,False,False
JacksonDatabind_64,JacksonDatabind_64_n10.txt,False,75,1,1,False,False,False,False,False
JacksonDatabind_64,JacksonDatabind_64_n6.txt,True,124,2,1,False,False,False,False,False
JacksonDatabind_64,JacksonDatabind_64_n2.txt,False,94,2,1,False,False,False,False,False
JacksonDatabind_64,JacksonDatabind_64_n3.txt,False,74,2,1,False,False,False,False,False
JacksonDatabind_64,JacksonDatabind_64_n4.txt,True,74,2,1,False,False,False,False,False
JacksonDatabind_64,JacksonDatabind_64_n8.txt,False,155,1,1,False,False,False,False,False
JacksonDatabind_64,JacksonDatabind_64_n7.txt,False,121,1,1,False,False,False,False,False
Jsoup_17,Jsoup_17_n5.txt,False,35,8,7,False,False,False,False,False
Jsoup_17,Jsoup_17_n2.txt,False,52,8,1,False,False,False,False,False
Jsoup_17,Jsoup_17_n10.txt,True,52,1,1,False,False,False,False,False
Jsoup_17,Jsoup_17_n6.txt,False,35,1,1,False,False,False,False,False
JacksonDatabind_68,JacksonDatabind_68_n3.txt,True,140,7,6,True,True,False,False,False
JacksonDatabind_68,JacksonDatabind_68_n5.txt,False,142,2,1,True,True,False,False,False
JacksonDatabind_68,JacksonDatabind_68_n7.txt,False,140,2,1,True,True,False,False,False
JacksonDatabind_68,JacksonDatabind_68_n6.txt,True,142,7,1,True,True,False,False,False
Closure_157,Closure_157_n9.txt,True,21,1,1,False,True,False,False,False
Math_36,Math_36_n10.txt,False,40,6,4,False,False,False,False,False
Math_36,Math_36_n4.txt,False,45,6,1,False,False,False,False,False
Math_36,Math_36_n3.txt,False,45,6,1,False,False,False,False,False
Lang_31,Lang_31_n3.txt,True,91,8,7,False,False,True,False,False
Lang_31,Lang_31_n4.txt,True,105,8,1,False,False,True,False,False
Closure_74,Closure_74_n2.txt,False,63,1,1,False,False,False,False,False
Math_106,Math_106_n5.txt,False,112,6,6,False,False,True,False,False
JacksonCore_9,JacksonCore_9_n5.txt,True,61,4,4,False,False,True,False,False
JacksonCore_9,JacksonCore_9_n2.txt,True,61,2,1,False,False,True,False,False
JacksonCore_9,JacksonCore_9_n10.txt,True,61,2,1,False,False,True,False,False
JacksonCore_9,JacksonCore_9_n7.txt,True,66,2,1,False,False,True,False,False
JacksonCore_9,JacksonCore_9_n6.txt,True,61,2,1,False,False,True,False,False
JacksonCore_9,JacksonCore_9_n1.txt,False,72,1,1,False,False,False,False,False
Closure_44,Closure_44_n5.txt,False,24,1,1,False,False,True,False,False
Jsoup_92,Jsoup_92_n9.txt,True,48,2,1,False,False,False,False,False
Jsoup_92,Jsoup_92_n3.txt,True,48,1,1,False,False,False,False,False
Jsoup_92,Jsoup_92_n4.txt,False,60,1,1,False,False,False,False,False
Jsoup_92,Jsoup_92_n10.txt,True,48,2,1,False,False,False,False,False
Jsoup_55,Jsoup_55_n2.txt,False,49,1,1,False,False,False,False,False
Jsoup_55,Jsoup_55_n4.txt,True,59,7,2,False,False,False,False,False
Jsoup_55,Jsoup_55_n10.txt,True,85,7,3,False,False,False,False,False
Jsoup_55,Jsoup_55_n1.txt,True,74,7,1,False,False,False,False,False
Jsoup_55,Jsoup_55_n8.txt,True,85,7,1,False,False,False,False,False
JacksonDatabind_95,JacksonDatabind_95_n5.txt,True,38,8,1,True,True,False,False,False
JacksonDatabind_95,JacksonDatabind_95_n2.txt,True,54,8,2,True,True,False,False,False
JacksonDatabind_95,JacksonDatabind_95_n6.txt,True,31,8,3,True,True,False,False,False
JacksonDatabind_95,JacksonDatabind_95_n3.txt,True,75,8,1,True,True,False,False,False
JacksonDatabind_95,JacksonDatabind_95_n4.txt,True,33,8,1,True,True,False,False,False
Jsoup_2,Jsoup_2_n5.txt,False,65,1,1,False,False,False,False,False
JxPath_9,JxPath_9_n3.txt,False,18,2,2,False,False,False,False,False
Lang_40,Lang_40_n6.txt,False,54,1,1,False,False,False,False,False
Closure_82,Closure_82_n1.txt,False,29,4,1,False,False,False,False,False
Closure_82,Closure_82_n6.txt,False,33,4,3,False,False,False,False,False
Math_8,Math_8_n7.txt,False,114,10,1,True,True,False,False,False
Math_8,Math_8_n8.txt,True,99,10,6,True,True,False,False,False
Math_8,Math_8_n6.txt,False,122,10,1,True,True,False,False,False
Math_8,Math_8_n5.txt,False,114,10,1,True,True,False,False,False
Math_8,Math_8_n3.txt,False,122,10,1,True,True,False,False,False
Closure_108,Closure_108_n6.txt,False,12,1,1,True,False,False,False,False
Closure_1,Closure_1_n6.txt,False,19,1,1,False,False,False,False,False
Csv_4,Csv_4_n7.txt,False,109,2,1,True,True,False,False,False
Csv_4,Csv_4_n4.txt,False,106,2,1,True,True,False,False,False
Jsoup_64,Jsoup_64_n1.txt,False,33,4,2,False,False,True,False,False
Jsoup_64,Jsoup_64_n10.txt,True,38,4,2,False,False,False,False,False
Jsoup_64,Jsoup_64_n6.txt,False,38,4,2,False,False,True,False,False
Jsoup_64,Jsoup_64_n5.txt,False,61,1,1,False,False,False,False,False
Jsoup_64,Jsoup_64_n9.txt,True,33,4,1,False,False,False,False,False
Jsoup_64,Jsoup_64_n8.txt,True,33,4,1,False,False,False,False,False
JacksonCore_16,JacksonCore_16_n5.txt,False,74,1,1,False,True,False,False,False
Jsoup_48,Jsoup_48_n9.txt,False,81,3,2,False,False,False,False,False
Jsoup_48,Jsoup_48_n3.txt,False,60,3,1,False,False,False,False,False
Compress_19,Compress_19_n7.txt,False,22,5,4,True,True,False,False,False
Compress_19,Compress_19_n6.txt,False,28,5,1,True,True,False,False,False
Math_77,Math_77_n4.txt,True,37,2,1,False,False,False,False,False
Math_77,Math_77_n6.txt,False,38,8,2,False,False,False,False,False
Math_77,Math_77_n1.txt,False,37,8,4,False,False,False,False,False
Math_77,Math_77_n9.txt,False,38,8,2,False,False,False,False,False
Math_77,Math_77_n5.txt,True,39,2,1,False,False,False,False,False
JacksonDatabind_46,JacksonDatabind_46_n4.txt,False,54,7,1,False,False,False,False,False
JacksonDatabind_46,JacksonDatabind_46_n6.txt,False,46,7,1,False,False,False,False,False
JacksonDatabind_46,JacksonDatabind_46_n10.txt,False,45,7,1,False,False,False,False,False
JacksonDatabind_46,JacksonDatabind_46_n3.txt,False,55,7,1,False,False,False,False,False
JacksonDatabind_46,JacksonDatabind_46_n2.txt,False,54,7,3,False,False,False,False,False
Math_60,Math_60_n4.txt,True,83,9,9,True,False,False,False,False
Math_16,Math_16_n7.txt,True,45,9,6,True,False,False,False,False
Math_16,Math_16_n4.txt,True,45,9,3,True,False,False,False,False
Math_16,Math_16_n5.txt,False,35,1,1,True,False,False,False,False
Jsoup_57,Jsoup_57_n5.txt,True,44,1,1,True,True,False,True,False
Lang_8,Lang_8_n8.txt,False,44,4,4,False,False,False,False,False
Lang_8,Lang_8_n3.txt,True,61,1,1,False,False,False,False,False
Lang_8,Lang_8_n10.txt,False,44,1,2,False,False,False,False,False
Lang_8,Lang_8_n9.txt,False,58,1,1,False,False,False,False,False
Lang_8,Lang_8_n6.txt,False,58,1,1,False,False,False,False,False
Compress_13,Compress_13_n10.txt,False,73,2,1,False,True,False,False,False
Compress_13,Compress_13_n7.txt,False,90,2,1,False,True,False,False,False
Compress_13,Compress_13_n1.txt,False,113,1,1,False,False,False,False,False
Jsoup_85,Jsoup_85_n9.txt,False,29,3,1,False,True,False,False,False
Jsoup_85,Jsoup_85_n1.txt,False,18,3,1,False,True,False,False,False
Jsoup_85,Jsoup_85_n4.txt,False,24,3,1,False,True,False,False,False
Jsoup_4,Jsoup_4_n8.txt,True,35,10,5,False,False,True,False,False
Jsoup_4,Jsoup_4_n6.txt,True,25,10,5,False,False,True,False,False
Math_27,Math_27_n9.txt,False,31,6,1,True,False,False,False,False
Math_27,Math_27_n7.txt,False,107,6,1,True,False,False,False,False
Math_27,Math_27_n8.txt,False,68,6,1,True,False,False,False,False
Math_27,Math_27_n1.txt,False,120,6,1,True,False,False,False,False
Math_27,Math_27_n2.txt,False,31,6,1,True,False,False,False,False
Math_27,Math_27_n6.txt,False,107,6,1,True,False,False,False,False
Compress_14,Compress_14_n2.txt,False,111,1,1,True,True,False,True,False
Compress_14,Compress_14_n10.txt,False,156,1,1,True,True,False,True,False
JacksonDatabind_26,JacksonDatabind_26_n4.txt,False,118,2,1,False,True,False,False,False
JacksonDatabind_26,JacksonDatabind_26_n2.txt,False,63,2,1,False,True,False,False,False
JacksonDatabind_26,JacksonDatabind_26_n6.txt,False,63,2,1,False,True,False,False,False
JacksonDatabind_26,JacksonDatabind_26_n7.txt,False,61,1,1,False,True,False,False,False
JacksonDatabind_26,JacksonDatabind_26_n1.txt,False,71,2,1,False,True,False,False,False
Compress_20,Compress_20_n3.txt,False,57,1,1,True,True,False,False,False
Compress_20,Compress_20_n8.txt,False,56,1,1,True,True,False,False,False
Time_4,Time_4_n4.txt,False,134,2,2,False,True,False,False,False
